{
    "first_attention_roc_0": 0.4737221112221112,
    "first_attention_acc_0": 0.47193548387096773,
    "first_attention_roc_1": 0.5043831168831169,
    "first_attention_acc_1": 0.5074193548387097,
    "first_attention_roc_2": 0.4993797868797869,
    "first_attention_acc_2": 0.5003225806451613,
    "first_attention_roc_3": 0.499454711954712,
    "first_attention_acc_3": 0.4964516129032258,
    "first_attention_roc_4": 0.5285339660339661,
    "first_attention_acc_4": 0.5287096774193548,
    "first_attention_roc_5": 0.49992923742923745,
    "first_attention_acc_5": 0.49709677419354836,
    "first_attention_roc_6": 0.5007450882450882,
    "first_attention_acc_6": 0.49774193548387097,
    "first_attention_roc_7": 0.5423784548784549,
    "first_attention_acc_7": 0.5419354838709678,
    "first_attention_roc_8": 0.49919247419247414,
    "first_attention_acc_8": 0.49612903225806454,
    "first_attention_roc_9": 0.4941058941058941,
    "first_attention_acc_9": 0.49193548387096775,
    "first_attention_roc_10": 0.4850357975357976,
    "first_attention_acc_10": 0.4864516129032258,
    "first_attention_roc_11": 0.5037129537129538,
    "first_attention_acc_11": 0.5035483870967742,
    "first_attention_roc_12": 0.5326007326007325,
    "first_attention_acc_12": 0.5325806451612903,
    "first_attention_roc_13": 0.5088453213453213,
    "first_attention_acc_13": 0.5080645161290323,
    "first_attention_roc_14": 0.5467032967032968,
    "first_attention_acc_14": 0.5470967741935484,
    "first_attention_roc_15": 0.5051406926406926,
    "first_attention_acc_15": 0.5061290322580645,
    "first_attention_roc_16": 0.5094155844155844,
    "first_attention_acc_16": 0.5087096774193548,
    "first_attention_roc_17": 0.4800782550782551,
    "first_attention_acc_17": 0.4806451612903226,
    "first_attention_roc_18": 0.4959082584082584,
    "first_attention_acc_18": 0.49806451612903224,
    "first_attention_roc_19": 0.507975357975358,
    "first_attention_acc_19": 0.5093548387096775,
    "first_attention_roc_20": 0.5443764568764569,
    "first_attention_acc_20": 0.5432258064516129,
    "first_attention_roc_21": 0.5249084249084249,
    "first_attention_acc_21": 0.5270967741935484,
    "first_attention_roc_22": 0.4909965034965035,
    "first_attention_acc_22": 0.49290322580645163,
    "first_attention_roc_23": 0.5163961038961039,
    "first_attention_acc_23": 0.5164516129032258,
    "first_attention_roc_24": 0.5038128538128538,
    "first_attention_acc_24": 0.5025806451612903,
    "first_attention_roc_25": 0.4885531135531136,
    "first_attention_acc_25": 0.48838709677419356,
    "first_attention_roc_26": 0.5022810522810524,
    "first_attention_acc_26": 0.5012903225806452,
    "first_attention_roc_27": 0.49079254079254087,
    "first_attention_acc_27": 0.49032258064516127,
    "first_attention_roc_28": 0.5109848484848485,
    "first_attention_acc_28": 0.5096774193548387,
    "first_attention_roc_29": 0.5066183816183816,
    "first_attention_acc_29": 0.5051612903225806,
    "first_attention_roc_30": 0.5246212121212122,
    "first_attention_acc_30": 0.5248387096774193,
    "first_attention_roc_31": 0.5055111555111554,
    "first_attention_acc_31": 0.5083870967741936
}