{
    "first_attention_roc_0": 0.47343750000000007,
    "first_attention_acc_0": 0.4734375,
    "first_attention_roc_1": 0.5005208333333333,
    "first_attention_acc_1": 0.5005208333333333,
    "first_attention_roc_2": 0.4927083333333333,
    "first_attention_acc_2": 0.49270833333333336,
    "first_attention_roc_3": 0.5020833333333333,
    "first_attention_acc_3": 0.5020833333333333,
    "first_attention_roc_4": 0.525,
    "first_attention_acc_4": 0.525,
    "first_attention_roc_5": 0.49635416666666665,
    "first_attention_acc_5": 0.49635416666666665,
    "first_attention_roc_6": 0.49739583333333337,
    "first_attention_acc_6": 0.4973958333333333,
    "first_attention_roc_7": 0.5354166666666667,
    "first_attention_acc_7": 0.5354166666666667,
    "first_attention_roc_8": 0.49947916666666664,
    "first_attention_acc_8": 0.49947916666666664,
    "first_attention_roc_9": 0.49531249999999993,
    "first_attention_acc_9": 0.4953125,
    "first_attention_roc_10": 0.4880208333333333,
    "first_attention_acc_10": 0.48802083333333335,
    "first_attention_roc_11": 0.4994791666666666,
    "first_attention_acc_11": 0.49947916666666664,
    "first_attention_roc_12": 0.525,
    "first_attention_acc_12": 0.525,
    "first_attention_roc_13": 0.509375,
    "first_attention_acc_13": 0.509375,
    "first_attention_roc_14": 0.553125,
    "first_attention_acc_14": 0.553125,
    "first_attention_roc_15": 0.5104166666666666,
    "first_attention_acc_15": 0.5104166666666666,
    "first_attention_roc_16": 0.5114583333333332,
    "first_attention_acc_16": 0.5114583333333333,
    "first_attention_roc_17": 0.4697916666666666,
    "first_attention_acc_17": 0.46979166666666666,
    "first_attention_roc_18": 0.4989583333333334,
    "first_attention_acc_18": 0.49895833333333334,
    "first_attention_roc_19": 0.5031249999999999,
    "first_attention_acc_19": 0.503125,
    "first_attention_roc_20": 0.5499999999999999,
    "first_attention_acc_20": 0.55,
    "first_attention_roc_21": 0.5234375,
    "first_attention_acc_21": 0.5234375,
    "first_attention_roc_22": 0.4848958333333333,
    "first_attention_acc_22": 0.48489583333333336,
    "first_attention_roc_23": 0.5177083333333334,
    "first_attention_acc_23": 0.5177083333333333,
    "first_attention_roc_24": 0.5067708333333333,
    "first_attention_acc_24": 0.5067708333333333,
    "first_attention_roc_25": 0.4979166666666667,
    "first_attention_acc_25": 0.4979166666666667,
    "first_attention_roc_26": 0.5104166666666666,
    "first_attention_acc_26": 0.5104166666666666,
    "first_attention_roc_27": 0.4802083333333333,
    "first_attention_acc_27": 0.48020833333333335,
    "first_attention_roc_28": 0.5052083333333334,
    "first_attention_acc_28": 0.5052083333333334,
    "first_attention_roc_29": 0.5072916666666667,
    "first_attention_acc_29": 0.5072916666666667,
    "first_attention_roc_30": 0.5182291666666666,
    "first_attention_acc_30": 0.5182291666666666,
    "first_attention_roc_31": 0.5052083333333334,
    "first_attention_acc_31": 0.5052083333333334
}