{
    "first_logits_roc": 0.5172077922077922,
    "first_logits_acc": 0.5172077922077922,
    "first_fully_connected_roc_0": 0.48376623376623373,
    "first_fully_connected_acc_0": 0.4837662337662338,
    "first_fully_connected_roc_1": 0.48344155844155845,
    "first_fully_connected_acc_1": 0.48344155844155845,
    "first_fully_connected_roc_2": 0.4889610389610389,
    "first_fully_connected_acc_2": 0.488961038961039,
    "first_fully_connected_roc_3": 0.4980519480519481,
    "first_fully_connected_acc_3": 0.4980519480519481,
    "first_fully_connected_roc_4": 0.5116883116883116,
    "first_fully_connected_acc_4": 0.5116883116883116,
    "first_fully_connected_roc_5": 0.5025974025974026,
    "first_fully_connected_acc_5": 0.5025974025974026,
    "first_fully_connected_roc_6": 0.5159090909090909,
    "first_fully_connected_acc_6": 0.5159090909090909,
    "first_fully_connected_roc_7": 0.5123376623376623,
    "first_fully_connected_acc_7": 0.5123376623376623,
    "first_fully_connected_roc_8": 0.4974025974025974,
    "first_fully_connected_acc_8": 0.4974025974025974,
    "first_fully_connected_roc_9": 0.4772727272727273,
    "first_fully_connected_acc_9": 0.4772727272727273,
    "first_fully_connected_roc_10": 0.5136363636363636,
    "first_fully_connected_acc_10": 0.5136363636363637,
    "first_fully_connected_roc_11": 0.5272727272727272,
    "first_fully_connected_acc_11": 0.5272727272727272,
    "first_fully_connected_roc_12": 0.5237012987012987,
    "first_fully_connected_acc_12": 0.5237012987012987,
    "first_fully_connected_roc_13": 0.5324675324675325,
    "first_fully_connected_acc_13": 0.5324675324675324,
    "first_fully_connected_roc_14": 0.522077922077922,
    "first_fully_connected_acc_14": 0.522077922077922,
    "first_fully_connected_roc_15": 0.5042207792207792,
    "first_fully_connected_acc_15": 0.5042207792207792,
    "first_fully_connected_roc_16": 0.5243506493506493,
    "first_fully_connected_acc_16": 0.5243506493506493,
    "first_fully_connected_roc_17": 0.49805194805194797,
    "first_fully_connected_acc_17": 0.4980519480519481,
    "first_fully_connected_roc_18": 0.5003246753246754,
    "first_fully_connected_acc_18": 0.5003246753246753,
    "first_fully_connected_roc_19": 0.49253246753246754,
    "first_fully_connected_acc_19": 0.49253246753246754,
    "first_fully_connected_roc_20": 0.4996753246753247,
    "first_fully_connected_acc_20": 0.49967532467532466,
    "first_fully_connected_roc_21": 0.4782467532467532,
    "first_fully_connected_acc_21": 0.47824675324675325,
    "first_fully_connected_roc_22": 0.47792207792207797,
    "first_fully_connected_acc_22": 0.4779220779220779,
    "first_fully_connected_roc_23": 0.4948051948051948,
    "first_fully_connected_acc_23": 0.4948051948051948,
    "first_fully_connected_roc_24": 0.4993506493506493,
    "first_fully_connected_acc_24": 0.4993506493506494,
    "first_fully_connected_roc_25": 0.4850649350649351,
    "first_fully_connected_acc_25": 0.4850649350649351,
    "first_fully_connected_roc_26": 0.5084415584415584,
    "first_fully_connected_acc_26": 0.5084415584415585,
    "first_fully_connected_roc_27": 0.5256493506493507,
    "first_fully_connected_acc_27": 0.5256493506493507,
    "first_fully_connected_roc_28": 0.5165584415584416,
    "first_fully_connected_acc_28": 0.5165584415584416,
    "first_fully_connected_roc_29": 0.512987012987013,
    "first_fully_connected_acc_29": 0.512987012987013,
    "first_fully_connected_roc_30": 0.4840909090909091,
    "first_fully_connected_acc_30": 0.48409090909090907,
    "first_fully_connected_roc_31": 0.4918831168831168,
    "first_fully_connected_acc_31": 0.49188311688311687
}