{
    "first_logits_roc": 0.51743672993673,
    "first_logits_acc": 0.5193548387096775,
    "first_fully_connected_roc_0": 0.48446137196137196,
    "first_fully_connected_acc_0": 0.4858064516129032,
    "first_fully_connected_roc_1": 0.4839160839160839,
    "first_fully_connected_acc_1": 0.48612903225806453,
    "first_fully_connected_roc_2": 0.48814935064935067,
    "first_fully_connected_acc_2": 0.48838709677419356,
    "first_fully_connected_roc_3": 0.4977897102897103,
    "first_fully_connected_acc_3": 0.5009677419354839,
    "first_fully_connected_roc_4": 0.5111097236097236,
    "first_fully_connected_acc_4": 0.5125806451612903,
    "first_fully_connected_roc_5": 0.5022019647019647,
    "first_fully_connected_acc_5": 0.5032258064516129,
    "first_fully_connected_roc_6": 0.5158674658674659,
    "first_fully_connected_acc_6": 0.5164516129032258,
    "first_fully_connected_roc_7": 0.5119047619047619,
    "first_fully_connected_acc_7": 0.5145161290322581,
    "first_fully_connected_roc_8": 0.49664085914085915,
    "first_fully_connected_acc_8": 0.4996774193548387,
    "first_fully_connected_roc_9": 0.4767357642357643,
    "first_fully_connected_acc_9": 0.4790322580645161,
    "first_fully_connected_roc_10": 0.514077589077589,
    "first_fully_connected_acc_10": 0.5164516129032258,
    "first_fully_connected_roc_11": 0.52750999000999,
    "first_fully_connected_acc_11": 0.5296774193548387,
    "first_fully_connected_roc_12": 0.5240384615384616,
    "first_fully_connected_acc_12": 0.525483870967742,
    "first_fully_connected_roc_13": 0.5325840825840826,
    "first_fully_connected_acc_13": 0.5335483870967742,
    "first_fully_connected_roc_14": 0.5221653346653347,
    "first_fully_connected_acc_14": 0.5238709677419355,
    "first_fully_connected_roc_15": 0.5047910422910423,
    "first_fully_connected_acc_15": 0.5054838709677419,
    "first_fully_connected_roc_16": 0.5249791874791875,
    "first_fully_connected_acc_16": 0.5258064516129032,
    "first_fully_connected_roc_17": 0.49826007326007327,
    "first_fully_connected_acc_17": 0.4996774193548387,
    "first_fully_connected_roc_18": 0.5017565767565768,
    "first_fully_connected_acc_18": 0.5029032258064516,
    "first_fully_connected_roc_19": 0.492528305028305,
    "first_fully_connected_acc_19": 0.4941935483870968,
    "first_fully_connected_roc_20": 0.5002580752580753,
    "first_fully_connected_acc_20": 0.502258064516129,
    "first_fully_connected_roc_21": 0.4781302031302031,
    "first_fully_connected_acc_21": 0.4780645161290323,
    "first_fully_connected_roc_22": 0.4772727272727273,
    "first_fully_connected_acc_22": 0.4774193548387097,
    "first_fully_connected_roc_23": 0.49664502164502156,
    "first_fully_connected_acc_23": 0.4967741935483871,
    "first_fully_connected_roc_24": 0.49946303696303695,
    "first_fully_connected_acc_24": 0.5009677419354839,
    "first_fully_connected_roc_25": 0.4859515484515485,
    "first_fully_connected_acc_25": 0.4874193548387097,
    "first_fully_connected_roc_26": 0.5103021978021978,
    "first_fully_connected_acc_26": 0.5109677419354839,
    "first_fully_connected_roc_27": 0.5243131868131868,
    "first_fully_connected_acc_27": 0.525483870967742,
    "first_fully_connected_roc_28": 0.516454378954379,
    "first_fully_connected_acc_28": 0.5170967741935484,
    "first_fully_connected_roc_29": 0.5123543123543124,
    "first_fully_connected_acc_29": 0.5125806451612903,
    "first_fully_connected_roc_30": 0.48423243423243423,
    "first_fully_connected_acc_30": 0.48258064516129034,
    "first_fully_connected_roc_31": 0.49228687978687974,
    "first_fully_connected_acc_31": 0.4925806451612903
}