{
    "first_logits_roc": 0.654529292929293,
    "first_logits_acc": 0.626,
    "first_fully_connected_roc_0": 0.5434424242424242,
    "first_fully_connected_acc_0": 0.55,
    "first_fully_connected_roc_1": 0.6524444444444445,
    "first_fully_connected_acc_1": 0.61,
    "first_fully_connected_roc_2": 0.6297535353535353,
    "first_fully_connected_acc_2": 0.584,
    "first_fully_connected_roc_3": 0.6230141414141415,
    "first_fully_connected_acc_3": 0.61,
    "first_fully_connected_roc_4": 0.658149494949495,
    "first_fully_connected_acc_4": 0.614,
    "first_fully_connected_roc_5": 0.6459151515151516,
    "first_fully_connected_acc_5": 0.606,
    "first_fully_connected_roc_6": 0.6801454545454545,
    "first_fully_connected_acc_6": 0.636,
    "first_fully_connected_roc_7": 0.6575838383838383,
    "first_fully_connected_acc_7": 0.598,
    "first_fully_connected_roc_8": 0.6559191919191919,
    "first_fully_connected_acc_8": 0.614,
    "first_fully_connected_roc_9": 0.6624323232323233,
    "first_fully_connected_acc_9": 0.61,
    "first_fully_connected_roc_10": 0.6589414141414142,
    "first_fully_connected_acc_10": 0.622,
    "first_fully_connected_roc_11": 0.6723070707070707,
    "first_fully_connected_acc_11": 0.634,
    "first_fully_connected_roc_12": 0.6893737373737374,
    "first_fully_connected_acc_12": 0.646,
    "first_fully_connected_roc_13": 0.6865454545454546,
    "first_fully_connected_acc_13": 0.634,
    "first_fully_connected_roc_14": 0.6867878787878788,
    "first_fully_connected_acc_14": 0.632,
    "first_fully_connected_roc_15": 0.6827474747474747,
    "first_fully_connected_acc_15": 0.646,
    "first_fully_connected_roc_16": 0.6868202020202019,
    "first_fully_connected_acc_16": 0.646,
    "first_fully_connected_roc_17": 0.7110141414141414,
    "first_fully_connected_acc_17": 0.652,
    "first_fully_connected_roc_18": 0.7124686868686869,
    "first_fully_connected_acc_18": 0.676,
    "first_fully_connected_roc_19": 0.7094141414141414,
    "first_fully_connected_acc_19": 0.68,
    "first_fully_connected_roc_20": 0.6912323232323232,
    "first_fully_connected_acc_20": 0.63,
    "first_fully_connected_roc_21": 0.7045494949494949,
    "first_fully_connected_acc_21": 0.658,
    "first_fully_connected_roc_22": 0.6861414141414142,
    "first_fully_connected_acc_22": 0.636,
    "first_fully_connected_roc_23": 0.7339313131313132,
    "first_fully_connected_acc_23": 0.678,
    "first_fully_connected_roc_24": 0.7406060606060605,
    "first_fully_connected_acc_24": 0.67,
    "first_fully_connected_roc_25": 0.7088323232323233,
    "first_fully_connected_acc_25": 0.636,
    "first_fully_connected_roc_26": 0.7100282828282829,
    "first_fully_connected_acc_26": 0.66,
    "first_fully_connected_roc_27": 0.6948525252525253,
    "first_fully_connected_acc_27": 0.658,
    "first_fully_connected_roc_28": 0.7175111111111111,
    "first_fully_connected_acc_28": 0.638,
    "first_fully_connected_roc_29": 0.6971797979797979,
    "first_fully_connected_acc_29": 0.63,
    "first_fully_connected_roc_30": 0.7079757575757577,
    "first_fully_connected_acc_30": 0.67,
    "first_fully_connected_roc_31": 0.715119191919192,
    "first_fully_connected_acc_31": 0.66,
    "first_attention_roc_0": 0.6414383838383839,
    "first_attention_acc_0": 0.608,
    "first_attention_roc_1": 0.6177616161616162,
    "first_attention_acc_1": 0.584,
    "first_attention_roc_2": 0.6165656565656565,
    "first_attention_acc_2": 0.582,
    "first_attention_roc_3": 0.6489373737373737,
    "first_attention_acc_3": 0.62,
    "first_attention_roc_4": 0.6453656565656565,
    "first_attention_acc_4": 0.606,
    "first_attention_roc_5": 0.606820202020202,
    "first_attention_acc_5": 0.562,
    "first_attention_roc_6": 0.6526707070707072,
    "first_attention_acc_6": 0.618,
    "first_attention_roc_7": 0.6334545454545455,
    "first_attention_acc_7": 0.6,
    "first_attention_roc_8": 0.6807272727272726,
    "first_attention_acc_8": 0.63,
    "first_attention_roc_9": 0.6546909090909091,
    "first_attention_acc_9": 0.606,
    "first_attention_roc_10": 0.6782383838383838,
    "first_attention_acc_10": 0.61,
    "first_attention_roc_11": 0.6937373737373737,
    "first_attention_acc_11": 0.638,
    "first_attention_roc_12": 0.7221010101010102,
    "first_attention_acc_12": 0.646,
    "first_attention_roc_13": 0.6453656565656566,
    "first_attention_acc_13": 0.608,
    "first_attention_roc_14": 0.6636444444444445,
    "first_attention_acc_14": 0.622,
    "first_attention_roc_15": 0.6931878787878787,
    "first_attention_acc_15": 0.642,
    "first_attention_roc_16": 0.6781898989898989,
    "first_attention_acc_16": 0.624,
    "first_attention_roc_17": 0.6788525252525254,
    "first_attention_acc_17": 0.632,
    "first_attention_roc_18": 0.6661656565656565,
    "first_attention_acc_18": 0.628,
    "first_attention_roc_19": 0.6463515151515151,
    "first_attention_acc_19": 0.608,
    "first_attention_roc_20": 0.7252040404040404,
    "first_attention_acc_20": 0.678,
    "first_attention_roc_21": 0.693850505050505,
    "first_attention_acc_21": 0.64,
    "first_attention_roc_22": 0.6974868686868687,
    "first_attention_acc_22": 0.666,
    "first_attention_roc_23": 0.6978747474747474,
    "first_attention_acc_23": 0.654,
    "first_attention_roc_24": 0.6686222222222223,
    "first_attention_acc_24": 0.63,
    "first_attention_roc_25": 0.6519919191919192,
    "first_attention_acc_25": 0.628,
    "first_attention_roc_26": 0.6615111111111112,
    "first_attention_acc_26": 0.618,
    "first_attention_roc_27": 0.594989898989899,
    "first_attention_acc_27": 0.606,
    "first_attention_roc_28": 0.6194585858585859,
    "first_attention_acc_28": 0.598,
    "first_attention_roc_29": 0.6865939393939393,
    "first_attention_acc_29": 0.646,
    "first_attention_roc_30": 0.6579717171717172,
    "first_attention_acc_30": 0.612,
    "first_attention_roc_31": 0.6748767676767676,
    "first_attention_acc_31": 0.626
}